INSERT INTO events (id, event_name, event_slug, event_code, description, venue_name, venue_address, venue_google_map_url, start_datetime, end_datetime, created_by, created_at, updated_at) VALUES ('nlp-meetup-2026-id', 'MEET-FLOW Event 2026', 'nlp-meetup-2026', 'NLP2026', 'MEET-FLOW coordination dashboard for travel, carpooling and status', 'ZenV Retreat Center', 'E-3, Valley View Road, Jubilee Hills, Hyderabad, Telangana 500033', 'https://maps.app.goo.gl/NLPAlumni2026', '2026-07-11 09:00:00', '2026-07-12 15:00:00', 'ramesh-prasad-id', '2026-06-18 10:00:00', '2026-06-18 10:00:00');
INSERT INTO participants (id, event_id, full_name, mobile_number, email, batch_or_group, current_city, attendance_status, profile_status, show_name, show_phone, show_email, show_travel_details, allow_contact, created_at, updated_at) VALUES ('ramesh-prasad-id', 'nlp-meetup-2026-id', 'Ramesh Prasad', '+919876543210', 'ramesh.prasad@alumni.in', 'Batch of 2018', 'Hyderabad', 'confirmed', 'completed', TRUE, TRUE, TRUE, TRUE, TRUE, '2026-06-18 10:00:00', '2026-06-18 10:00:00');
INSERT INTO travel_plans (id, event_id, participant_id, origin_city, origin_area, google_maps_link, travel_mode, departure_date, departure_time, expected_arrival_date, expected_arrival_time, return_date, return_time, people_count, luggage_count, travel_note, created_at, updated_at) VALUES ('tp-ramesh', 'nlp-meetup-2026-id', 'ramesh-prasad-id', 'Hyderabad', 'Banjara Hills', NULL, 'own_car', '2026-07-11', '08:00 AM', '2026-07-11', '08:30 AM', '2026-07-12', '04:00 PM', 1, 1, 'Event initiator. Driving directly.', '2026-06-18 10:05:00', '2026-06-18 10:05:00');
INSERT INTO status_updates (id, event_id, participant_id, status, marked_by, note, created_at) VALUES ('su-ramesh', 'nlp-meetup-2026-id', 'ramesh-prasad-id', 'travel_plan_submitted', 'Ramesh Prasad', 'Travel plan registered', '2026-06-18 10:05:00');
INSERT INTO participants (id, event_id, full_name, mobile_number, email, batch_or_group, current_city, attendance_status, profile_status, show_name, show_phone, show_email, show_travel_details, allow_contact, created_at, updated_at) VALUES ('p-user-2', 'nlp-meetup-2026-id', 'Sandeep Singh', '+916107420369', 'sandeep.singh@example.com', 'Batch of 2019', 'Hyderabad', 'confirmed', 'completed', TRUE, TRUE, TRUE, TRUE, TRUE, '2026-06-18 11:00:00', '2026-06-18 11:00:00');
INSERT INTO participants (id, event_id, full_name, mobile_number, email, batch_or_group, current_city, attendance_status, profile_status, show_name, show_phone, show_email, show_travel_details, allow_contact, created_at, updated_at) VALUES ('p-user-3', 'nlp-meetup-2026-id', 'Manoj Dubey', '+919831882064', 'manoj.dubey@example.com', 'Batch of 2023', 'Bangalore', 'confirmed', 'completed', TRUE, TRUE, FALSE, TRUE, TRUE, '2026-06-18 11:00:00', '2026-06-18 11:00:00');
INSERT INTO participants (id, event_id, full_name, mobile_number, email, batch_or_group, current_city, attendance_status, profile_status, show_name, show_phone, show_email, show_travel_details, allow_contact, created_at, updated_at) VALUES ('p-user-4', 'nlp-meetup-2026-id', 'Suresh Nair', '+916999270936', 'suresh.nair@example.com', 'Batch of 2023', 'Chennai', 'confirmed', 'completed', TRUE, TRUE, TRUE, FALSE, TRUE, '2026-06-18 11:00:00', '2026-06-18 11:00:00');
INSERT INTO participants (id, event_id, full_name, mobile_number, email, batch_or_group, current_city, attendance_status, profile_status, show_name, show_phone, show_email, show_travel_details, allow_contact, created_at, updated_at) VALUES ('p-user-5', 'nlp-meetup-2026-id', 'Kavita Pillai', '+917194819984', 'kavita.pillai@example.com', 'Batch of 2015', 'Pune', 'confirmed', 'completed', TRUE, TRUE, FALSE, FALSE, FALSE, '2026-06-18 11:00:00', '2026-06-18 11:00:00');
INSERT INTO participants (id, event_id, full_name, mobile_number, email, batch_or_group, current_city, attendance_status, profile_status, show_name, show_phone, show_email, show_travel_details, allow_contact, created_at, updated_at) VALUES ('p-user-6', 'nlp-meetup-2026-id', 'Deepak Nair', '+919279182318', 'deepak.nair@example.com', 'Batch of 2020', 'Delhi', 'confirmed', 'completed', TRUE, TRUE, TRUE, FALSE, TRUE, '2026-06-18 11:00:00', '2026-06-18 11:00:00');
INSERT INTO participants (id, event_id, full_name, mobile_number, email, batch_or_group, current_city, attendance_status, profile_status, show_name, show_phone, show_email, show_travel_details, allow_contact, created_at, updated_at) VALUES ('p-user-7', 'nlp-meetup-2026-id', 'Anjali Chatterjee', '+917477278577', 'anjali.chatterjee@example.com', 'Batch of 2024', 'Mumbai', 'confirmed', 'completed', TRUE, FALSE, TRUE, FALSE, TRUE, '2026-06-18 11:00:00', '2026-06-18 11:00:00');
INSERT INTO participants (id, event_id, full_name, mobile_number, email, batch_or_group, current_city, attendance_status, profile_status, show_name, show_phone, show_email, show_travel_details, allow_contact, created_at, updated_at) VALUES ('p-user-8', 'nlp-meetup-2026-id', 'Divya Prasad', '+918370996465', 'divya.prasad@example.com', 'Batch of 2019', 'Kolkata', 'confirmed', 'completed', TRUE, FALSE, TRUE, TRUE, TRUE, '2026-06-18 11:00:00', '2026-06-18 11:00:00');
INSERT INTO participants (id, event_id, full_name, mobile_number, email, batch_or_group, current_city, attendance_status, profile_status, show_name, show_phone, show_email, show_travel_details, allow_contact, created_at, updated_at) VALUES ('p-user-9', 'nlp-meetup-2026-id', 'Harish Iyer', '+919320303242', 'harish.iyer@example.com', 'Batch of 2019', 'Kochi', 'confirmed', 'completed', TRUE, TRUE, TRUE, TRUE, FALSE, '2026-06-18 11:00:00', '2026-06-18 11:00:00');
INSERT INTO participants (id, event_id, full_name, mobile_number, email, batch_or_group, current_city, attendance_status, profile_status, show_name, show_phone, show_email, show_travel_details, allow_contact, created_at, updated_at) VALUES ('p-user-10', 'nlp-meetup-2026-id', 'Vivek Das', '+918730243887', 'vivek.das@example.com', 'Batch of 2020', 'Hyderabad', 'confirmed', 'completed', TRUE, TRUE, FALSE, FALSE, TRUE, '2026-06-18 11:00:00', '2026-06-18 11:00:00');
INSERT INTO participants (id, event_id, full_name, mobile_number, email, batch_or_group, current_city, attendance_status, profile_status, show_name, show_phone, show_email, show_travel_details, allow_contact, created_at, updated_at) VALUES ('p-user-11', 'nlp-meetup-2026-id', 'Harish Rao', '+919014295294', 'harish.rao@example.com', 'Batch of 2016', 'Bangalore', 'confirmed', 'completed', TRUE, TRUE, TRUE, TRUE, FALSE, '2026-06-18 11:00:00', '2026-06-18 11:00:00');
INSERT INTO participants (id, event_id, full_name, mobile_number, email, batch_or_group, current_city, attendance_status, profile_status, show_name, show_phone, show_email, show_travel_details, allow_contact, created_at, updated_at) VALUES ('p-user-12', 'nlp-meetup-2026-id', 'Divya Rao', '+919974524834', 'divya.rao@example.com', 'Batch of 2023', 'Chennai', 'confirmed', 'completed', TRUE, TRUE, FALSE, TRUE, TRUE, '2026-06-18 11:00:00', '2026-06-18 11:00:00');
INSERT INTO participants (id, event_id, full_name, mobile_number, email, batch_or_group, current_city, attendance_status, profile_status, show_name, show_phone, show_email, show_travel_details, allow_contact, created_at, updated_at) VALUES ('p-user-13', 'nlp-meetup-2026-id', 'Geetha Sharma', '+919457645390', 'geetha.sharma@example.com', 'Batch of 2020', 'Pune', 'confirmed', 'completed', TRUE, FALSE, FALSE, TRUE, TRUE, '2026-06-18 11:00:00', '2026-06-18 11:00:00');
INSERT INTO participants (id, event_id, full_name, mobile_number, email, batch_or_group, current_city, attendance_status, profile_status, show_name, show_phone, show_email, show_travel_details, allow_contact, created_at, updated_at) VALUES ('p-user-14', 'nlp-meetup-2026-id', 'Karan Naidu', '+919083418319', 'karan.naidu@example.com', 'Batch of 2020', 'Delhi', 'confirmed', 'completed', TRUE, TRUE, FALSE, FALSE, FALSE, '2026-06-18 11:00:00', '2026-06-18 11:00:00');
INSERT INTO participants (id, event_id, full_name, mobile_number, email, batch_or_group, current_city, attendance_status, profile_status, show_name, show_phone, show_email, show_travel_details, allow_contact, created_at, updated_at) VALUES ('p-user-15', 'nlp-meetup-2026-id', 'Deepak Rao', '+916599707677', 'deepak.rao@example.com', 'Batch of 2018', 'Mumbai', 'confirmed', 'completed', TRUE, FALSE, FALSE, FALSE, FALSE, '2026-06-18 11:00:00', '2026-06-18 11:00:00');
INSERT INTO participants (id, event_id, full_name, mobile_number, email, batch_or_group, current_city, attendance_status, profile_status, show_name, show_phone, show_email, show_travel_details, allow_contact, created_at, updated_at) VALUES ('p-user-16', 'nlp-meetup-2026-id', 'Manish Patel', '+918188398760', 'manish.patel@example.com', 'Batch of 2022', 'Kolkata', 'confirmed', 'completed', TRUE, TRUE, TRUE, TRUE, TRUE, '2026-06-18 11:00:00', '2026-06-18 11:00:00');
INSERT INTO participants (id, event_id, full_name, mobile_number, email, batch_or_group, current_city, attendance_status, profile_status, show_name, show_phone, show_email, show_travel_details, allow_contact, created_at, updated_at) VALUES ('p-user-17', 'nlp-meetup-2026-id', 'Sandeep Reddy', '+919401954956', 'sandeep.reddy@example.com', 'Batch of 2021', 'Kochi', 'confirmed', 'completed', TRUE, TRUE, FALSE, FALSE, FALSE, '2026-06-18 11:00:00', '2026-06-18 11:00:00');
INSERT INTO participants (id, event_id, full_name, mobile_number, email, batch_or_group, current_city, attendance_status, profile_status, show_name, show_phone, show_email, show_travel_details, allow_contact, created_at, updated_at) VALUES ('p-user-18', 'nlp-meetup-2026-id', 'Gaurav Rao', '+918376087131', 'gaurav.rao@example.com', 'Batch of 2015', 'Hyderabad', 'confirmed', 'completed', TRUE, TRUE, FALSE, FALSE, TRUE, '2026-06-18 11:00:00', '2026-06-18 11:00:00');
INSERT INTO participants (id, event_id, full_name, mobile_number, email, batch_or_group, current_city, attendance_status, profile_status, show_name, show_phone, show_email, show_travel_details, allow_contact, created_at, updated_at) VALUES ('p-user-19', 'nlp-meetup-2026-id', 'Arun Sen', '+916679282378', 'arun.sen@example.com', 'Batch of 2022', 'Bangalore', 'confirmed', 'completed', TRUE, TRUE, FALSE, TRUE, TRUE, '2026-06-18 11:00:00', '2026-06-18 11:00:00');
INSERT INTO participants (id, event_id, full_name, mobile_number, email, batch_or_group, current_city, attendance_status, profile_status, show_name, show_phone, show_email, show_travel_details, allow_contact, created_at, updated_at) VALUES ('p-user-20', 'nlp-meetup-2026-id', 'Sunita Deshmukh', '+917281810600', 'sunita.deshmukh@example.com', 'Batch of 2023', 'Chennai', 'confirmed', 'completed', TRUE, TRUE, TRUE, FALSE, TRUE, '2026-06-18 11:00:00', '2026-06-18 11:00:00');
INSERT INTO participants (id, event_id, full_name, mobile_number, email, batch_or_group, current_city, attendance_status, profile_status, show_name, show_phone, show_email, show_travel_details, allow_contact, created_at, updated_at) VALUES ('p-user-21', 'nlp-meetup-2026-id', 'Varun Yadav', '+919961824197', 'varun.yadav@example.com', 'Batch of 2023', 'Pune', 'confirmed', 'completed', TRUE, TRUE, FALSE, FALSE, TRUE, '2026-06-18 11:00:00', '2026-06-18 11:00:00');
INSERT INTO participants (id, event_id, full_name, mobile_number, email, batch_or_group, current_city, attendance_status, profile_status, show_name, show_phone, show_email, show_travel_details, allow_contact, created_at, updated_at) VALUES ('p-user-22', 'nlp-meetup-2026-id', 'Sunil Shetty', '+917558990517', 'sunil.shetty@example.com', 'Batch of 2019', 'Delhi', 'confirmed', 'completed', TRUE, TRUE, TRUE, TRUE, TRUE, '2026-06-18 11:00:00', '2026-06-18 11:00:00');
INSERT INTO participants (id, event_id, full_name, mobile_number, email, batch_or_group, current_city, attendance_status, profile_status, show_name, show_phone, show_email, show_travel_details, allow_contact, created_at, updated_at) VALUES ('p-user-23', 'nlp-meetup-2026-id', 'Suresh Dubey', '+918087313121', 'suresh.dubey@example.com', 'Batch of 2016', 'Mumbai', 'confirmed', 'completed', TRUE, TRUE, TRUE, FALSE, TRUE, '2026-06-18 11:00:00', '2026-06-18 11:00:00');
INSERT INTO participants (id, event_id, full_name, mobile_number, email, batch_or_group, current_city, attendance_status, profile_status, show_name, show_phone, show_email, show_travel_details, allow_contact, created_at, updated_at) VALUES ('p-user-24', 'nlp-meetup-2026-id', 'Alok Bose', '+919747071386', 'alok.bose@example.com', 'Batch of 2024', 'Kolkata', 'confirmed', 'completed', TRUE, FALSE, TRUE, TRUE, FALSE, '2026-06-18 11:00:00', '2026-06-18 11:00:00');
INSERT INTO participants (id, event_id, full_name, mobile_number, email, batch_or_group, current_city, attendance_status, profile_status, show_name, show_phone, show_email, show_travel_details, allow_contact, created_at, updated_at) VALUES ('p-user-25', 'nlp-meetup-2026-id', 'Swati Pandey', '+918791205006', 'swati.pandey@example.com', 'Batch of 2020', 'Kochi', 'confirmed', 'completed', TRUE, FALSE, FALSE, TRUE, TRUE, '2026-06-18 11:00:00', '2026-06-18 11:00:00');
INSERT INTO participants (id, event_id, full_name, mobile_number, email, batch_or_group, current_city, attendance_status, profile_status, show_name, show_phone, show_email, show_travel_details, allow_contact, created_at, updated_at) VALUES ('p-user-26', 'nlp-meetup-2026-id', 'Manish Prasad', '+917452066459', 'manish.prasad@example.com', 'Batch of 2015', 'Hyderabad', 'confirmed', 'completed', TRUE, TRUE, TRUE, TRUE, TRUE, '2026-06-18 11:00:00', '2026-06-18 11:00:00');
INSERT INTO participants (id, event_id, full_name, mobile_number, email, batch_or_group, current_city, attendance_status, profile_status, show_name, show_phone, show_email, show_travel_details, allow_contact, created_at, updated_at) VALUES ('p-user-27', 'nlp-meetup-2026-id', 'Rajendra Deshmukh', '+916252860896', 'rajendra.deshmukh@example.com', 'Batch of 2018', 'Bangalore', 'confirmed', 'completed', TRUE, TRUE, TRUE, FALSE, TRUE, '2026-06-18 11:00:00', '2026-06-18 11:00:00');
INSERT INTO participants (id, event_id, full_name, mobile_number, email, batch_or_group, current_city, attendance_status, profile_status, show_name, show_phone, show_email, show_travel_details, allow_contact, created_at, updated_at) VALUES ('p-user-28', 'nlp-meetup-2026-id', 'Siddharth Iyer', '+917196050747', 'siddharth.iyer@example.com', 'Batch of 2022', 'Chennai', 'confirmed', 'completed', TRUE, TRUE, TRUE, FALSE, TRUE, '2026-06-18 11:00:00', '2026-06-18 11:00:00');
INSERT INTO participants (id, event_id, full_name, mobile_number, email, batch_or_group, current_city, attendance_status, profile_status, show_name, show_phone, show_email, show_travel_details, allow_contact, created_at, updated_at) VALUES ('p-user-29', 'nlp-meetup-2026-id', 'Lakshmi Choudhury', '+919468173213', 'lakshmi.choudhury@example.com', 'Batch of 2021', 'Pune', 'confirmed', 'completed', TRUE, TRUE, TRUE, TRUE, FALSE, '2026-06-18 11:00:00', '2026-06-18 11:00:00');
INSERT INTO participants (id, event_id, full_name, mobile_number, email, batch_or_group, current_city, attendance_status, profile_status, show_name, show_phone, show_email, show_travel_details, allow_contact, created_at, updated_at) VALUES ('p-user-30', 'nlp-meetup-2026-id', 'Anjali Sen', '+917765670844', 'anjali.sen@example.com', 'Batch of 2022', 'Delhi', 'confirmed', 'completed', TRUE, TRUE, TRUE, TRUE, FALSE, '2026-06-18 11:00:00', '2026-06-18 11:00:00');
INSERT INTO participants (id, event_id, full_name, mobile_number, email, batch_or_group, current_city, attendance_status, profile_status, show_name, show_phone, show_email, show_travel_details, allow_contact, created_at, updated_at) VALUES ('p-user-31', 'nlp-meetup-2026-id', 'Pradeep Mehta', '+919438518641', 'pradeep.mehta@example.com', 'Batch of 2016', 'Mumbai', 'confirmed', 'completed', TRUE, TRUE, TRUE, TRUE, FALSE, '2026-06-18 11:00:00', '2026-06-18 11:00:00');
INSERT INTO participants (id, event_id, full_name, mobile_number, email, batch_or_group, current_city, attendance_status, profile_status, show_name, show_phone, show_email, show_travel_details, allow_contact, created_at, updated_at) VALUES ('p-user-32', 'nlp-meetup-2026-id', 'Rajesh Sen', '+916788075126', 'rajesh.sen@example.com', 'Batch of 2019', 'Kolkata', 'confirmed', 'completed', TRUE, FALSE, TRUE, TRUE, FALSE, '2026-06-18 11:00:00', '2026-06-18 11:00:00');
INSERT INTO participants (id, event_id, full_name, mobile_number, email, batch_or_group, current_city, attendance_status, profile_status, show_name, show_phone, show_email, show_travel_details, allow_contact, created_at, updated_at) VALUES ('p-user-33', 'nlp-meetup-2026-id', 'Radhika Chatterjee', '+919676349806', 'radhika.chatterjee@example.com', 'Batch of 2023', 'Kochi', 'confirmed', 'completed', TRUE, TRUE, TRUE, TRUE, TRUE, '2026-06-18 11:00:00', '2026-06-18 11:00:00');
INSERT INTO participants (id, event_id, full_name, mobile_number, email, batch_or_group, current_city, attendance_status, profile_status, show_name, show_phone, show_email, show_travel_details, allow_contact, created_at, updated_at) VALUES ('p-user-34', 'nlp-meetup-2026-id', 'Karthik Chatterjee', '+917015242176', 'karthik.chatterjee@example.com', 'Batch of 2017', 'Hyderabad', 'confirmed', 'completed', TRUE, FALSE, FALSE, FALSE, TRUE, '2026-06-18 11:00:00', '2026-06-18 11:00:00');
INSERT INTO participants (id, event_id, full_name, mobile_number, email, batch_or_group, current_city, attendance_status, profile_status, show_name, show_phone, show_email, show_travel_details, allow_contact, created_at, updated_at) VALUES ('p-user-35', 'nlp-meetup-2026-id', 'Sunita Verma', '+919875962612', 'sunita.verma@example.com', 'Batch of 2015', 'Bangalore', 'confirmed', 'completed', TRUE, TRUE, FALSE, TRUE, FALSE, '2026-06-18 11:00:00', '2026-06-18 11:00:00');
INSERT INTO participants (id, event_id, full_name, mobile_number, email, batch_or_group, current_city, attendance_status, profile_status, show_name, show_phone, show_email, show_travel_details, allow_contact, created_at, updated_at) VALUES ('p-user-36', 'nlp-meetup-2026-id', 'Alok Shetty', '+919367557574', 'alok.shetty@example.com', 'Batch of 2022', 'Chennai', 'confirmed', 'completed', TRUE, FALSE, FALSE, FALSE, TRUE, '2026-06-18 11:00:00', '2026-06-18 11:00:00');
INSERT INTO participants (id, event_id, full_name, mobile_number, email, batch_or_group, current_city, attendance_status, profile_status, show_name, show_phone, show_email, show_travel_details, allow_contact, created_at, updated_at) VALUES ('p-user-37', 'nlp-meetup-2026-id', 'Rahul Joshi', '+916935018220', 'rahul.joshi@example.com', 'Batch of 2015', 'Pune', 'confirmed', 'completed', TRUE, TRUE, FALSE, TRUE, TRUE, '2026-06-18 11:00:00', '2026-06-18 11:00:00');
INSERT INTO participants (id, event_id, full_name, mobile_number, email, batch_or_group, current_city, attendance_status, profile_status, show_name, show_phone, show_email, show_travel_details, allow_contact, created_at, updated_at) VALUES ('p-user-38', 'nlp-meetup-2026-id', 'Rishi Choudhury', '+918159725924', 'rishi.choudhury@example.com', 'Batch of 2023', 'Delhi', 'confirmed', 'completed', TRUE, TRUE, TRUE, TRUE, TRUE, '2026-06-18 11:00:00', '2026-06-18 11:00:00');
INSERT INTO participants (id, event_id, full_name, mobile_number, email, batch_or_group, current_city, attendance_status, profile_status, show_name, show_phone, show_email, show_travel_details, allow_contact, created_at, updated_at) VALUES ('p-user-39', 'nlp-meetup-2026-id', 'Anil Kulkarni', '+916291889680', 'anil.kulkarni@example.com', 'Batch of 2018', 'Mumbai', 'confirmed', 'completed', TRUE, FALSE, TRUE, TRUE, TRUE, '2026-06-18 11:00:00', '2026-06-18 11:00:00');
INSERT INTO participants (id, event_id, full_name, mobile_number, email, batch_or_group, current_city, attendance_status, profile_status, show_name, show_phone, show_email, show_travel_details, allow_contact, created_at, updated_at) VALUES ('p-user-40', 'nlp-meetup-2026-id', 'Shalini Prasad', '+917800557283', 'shalini.prasad@example.com', 'Batch of 2024', 'Kolkata', 'confirmed', 'completed', TRUE, FALSE, FALSE, TRUE, FALSE, '2026-06-18 11:00:00', '2026-06-18 11:00:00');
INSERT INTO participants (id, event_id, full_name, mobile_number, email, batch_or_group, current_city, attendance_status, profile_status, show_name, show_phone, show_email, show_travel_details, allow_contact, created_at, updated_at) VALUES ('p-user-41', 'nlp-meetup-2026-id', 'Ashok Rao', '+917699887270', 'ashok.rao@example.com', 'Batch of 2017', 'Kochi', 'confirmed', 'completed', TRUE, FALSE, FALSE, FALSE, TRUE, '2026-06-18 11:00:00', '2026-06-18 11:00:00');
INSERT INTO participants (id, event_id, full_name, mobile_number, email, batch_or_group, current_city, attendance_status, profile_status, show_name, show_phone, show_email, show_travel_details, allow_contact, created_at, updated_at) VALUES ('p-user-42', 'nlp-meetup-2026-id', 'Ravi Das', '+918667858669', 'ravi.das@example.com', 'Batch of 2024', 'Hyderabad', 'maybe', 'completed', TRUE, TRUE, TRUE, FALSE, TRUE, '2026-06-18 11:00:00', '2026-06-18 11:00:00');
INSERT INTO participants (id, event_id, full_name, mobile_number, email, batch_or_group, current_city, attendance_status, profile_status, show_name, show_phone, show_email, show_travel_details, allow_contact, created_at, updated_at) VALUES ('p-user-43', 'nlp-meetup-2026-id', 'Anjali Naidu', '+916295456419', 'anjali.naidu@example.com', 'Batch of 2018', 'Bangalore', 'not_attending', 'completed', TRUE, FALSE, TRUE, FALSE, FALSE, '2026-06-18 11:00:00', '2026-06-18 11:00:00');
INSERT INTO participants (id, event_id, full_name, mobile_number, email, batch_or_group, current_city, attendance_status, profile_status, show_name, show_phone, show_email, show_travel_details, allow_contact, created_at, updated_at) VALUES ('p-user-44', 'nlp-meetup-2026-id', 'Shalini Trivedi', '+918808806886', 'shalini.trivedi@example.com', 'Batch of 2023', 'Chennai', 'maybe', 'completed', TRUE, FALSE, TRUE, TRUE, FALSE, '2026-06-18 11:00:00', '2026-06-18 11:00:00');
INSERT INTO participants (id, event_id, full_name, mobile_number, email, batch_or_group, current_city, attendance_status, profile_status, show_name, show_phone, show_email, show_travel_details, allow_contact, created_at, updated_at) VALUES ('p-user-45', 'nlp-meetup-2026-id', 'Sunil Naidu', '+916459716009', 'sunil.naidu@example.com', 'Batch of 2023', 'Pune', 'maybe', 'completed', TRUE, FALSE, FALSE, TRUE, FALSE, '2026-06-18 11:00:00', '2026-06-18 11:00:00');
INSERT INTO participants (id, event_id, full_name, mobile_number, email, batch_or_group, current_city, attendance_status, profile_status, show_name, show_phone, show_email, show_travel_details, allow_contact, created_at, updated_at) VALUES ('p-user-46', 'nlp-meetup-2026-id', 'Pankaj Pandey', '+918724031273', 'pankaj.pandey@example.com', 'Batch of 2019', 'Delhi', 'not_attending', 'completed', TRUE, FALSE, TRUE, TRUE, FALSE, '2026-06-18 11:00:00', '2026-06-18 11:00:00');
INSERT INTO participants (id, event_id, full_name, mobile_number, email, batch_or_group, current_city, attendance_status, profile_status, show_name, show_phone, show_email, show_travel_details, allow_contact, created_at, updated_at) VALUES ('p-user-47', 'nlp-meetup-2026-id', 'Sujatha Rao', '+916189351213', 'sujatha.rao@example.com', 'Batch of 2015', 'Mumbai', 'not_responded', 'incomplete', TRUE, FALSE, TRUE, FALSE, TRUE, '2026-06-18 11:00:00', '2026-06-18 11:00:00');
INSERT INTO participants (id, event_id, full_name, mobile_number, email, batch_or_group, current_city, attendance_status, profile_status, show_name, show_phone, show_email, show_travel_details, allow_contact, created_at, updated_at) VALUES ('p-user-48', 'nlp-meetup-2026-id', 'Vinod Das', '+918369449369', 'vinod.das@example.com', 'Batch of 2021', 'Kolkata', 'not_responded', 'incomplete', TRUE, TRUE, TRUE, TRUE, TRUE, '2026-06-18 11:00:00', '2026-06-18 11:00:00');
INSERT INTO participants (id, event_id, full_name, mobile_number, email, batch_or_group, current_city, attendance_status, profile_status, show_name, show_phone, show_email, show_travel_details, allow_contact, created_at, updated_at) VALUES ('p-user-49', 'nlp-meetup-2026-id', 'Varun Sharma', '+919584558315', 'varun.sharma@example.com', 'Batch of 2020', 'Kochi', 'not_responded', 'incomplete', TRUE, TRUE, FALSE, TRUE, TRUE, '2026-06-18 11:00:00', '2026-06-18 11:00:00');
INSERT INTO participants (id, event_id, full_name, mobile_number, email, batch_or_group, current_city, attendance_status, profile_status, show_name, show_phone, show_email, show_travel_details, allow_contact, created_at, updated_at) VALUES ('p-user-50', 'nlp-meetup-2026-id', 'Ramesh Gupta', '+919861096073', 'ramesh.gupta@example.com', 'Batch of 2015', 'Hyderabad', 'not_responded', 'incomplete', TRUE, FALSE, TRUE, TRUE, TRUE, '2026-06-18 11:00:00', '2026-06-18 11:00:00');
INSERT INTO participants (id, event_id, full_name, mobile_number, email, batch_or_group, current_city, attendance_status, profile_status, show_name, show_phone, show_email, show_travel_details, allow_contact, created_at, updated_at) VALUES ('p-user-51', 'nlp-meetup-2026-id', 'Anjali Yadav', '+918404681399', 'anjali.yadav@example.com', 'Batch of 2021', 'Bangalore', 'not_responded', 'incomplete', TRUE, TRUE, TRUE, TRUE, TRUE, '2026-06-18 11:00:00', '2026-06-18 11:00:00');
INSERT INTO participants (id, event_id, full_name, mobile_number, email, batch_or_group, current_city, attendance_status, profile_status, show_name, show_phone, show_email, show_travel_details, allow_contact, created_at, updated_at) VALUES ('p-user-52', 'nlp-meetup-2026-id', 'Aarti Kumar', '+916770348179', 'aarti.kumar@example.com', 'Batch of 2020', 'Chennai', 'not_responded', 'incomplete', TRUE, FALSE, TRUE, FALSE, TRUE, '2026-06-18 11:00:00', '2026-06-18 11:00:00');
INSERT INTO participants (id, event_id, full_name, mobile_number, email, batch_or_group, current_city, attendance_status, profile_status, show_name, show_phone, show_email, show_travel_details, allow_contact, created_at, updated_at) VALUES ('p-user-53', 'nlp-meetup-2026-id', 'Lakshmi Mishra', '+916464267175', 'lakshmi.mishra@example.com', 'Batch of 2021', 'Pune', 'not_responded', 'incomplete', TRUE, TRUE, FALSE, TRUE, TRUE, '2026-06-18 11:00:00', '2026-06-18 11:00:00');
INSERT INTO participants (id, event_id, full_name, mobile_number, email, batch_or_group, current_city, attendance_status, profile_status, show_name, show_phone, show_email, show_travel_details, allow_contact, created_at, updated_at) VALUES ('p-user-54', 'nlp-meetup-2026-id', 'Geetha Shetty', '+917976987348', 'geetha.shetty@example.com', 'Batch of 2020', 'Delhi', 'not_responded', 'incomplete', TRUE, FALSE, TRUE, TRUE, TRUE, '2026-06-18 11:00:00', '2026-06-18 11:00:00');
INSERT INTO participants (id, event_id, full_name, mobile_number, email, batch_or_group, current_city, attendance_status, profile_status, show_name, show_phone, show_email, show_travel_details, allow_contact, created_at, updated_at) VALUES ('p-user-55', 'nlp-meetup-2026-id', 'Harish Nair', '+917711398352', 'harish.nair@example.com', 'Batch of 2020', 'Mumbai', 'not_responded', 'incomplete', TRUE, FALSE, TRUE, FALSE, FALSE, '2026-06-18 11:00:00', '2026-06-18 11:00:00');
INSERT INTO participants (id, event_id, full_name, mobile_number, email, batch_or_group, current_city, attendance_status, profile_status, show_name, show_phone, show_email, show_travel_details, allow_contact, created_at, updated_at) VALUES ('p-user-56', 'nlp-meetup-2026-id', 'Ajay Bose', '+917716605598', 'ajay.bose@example.com', 'Batch of 2023', 'Kolkata', 'not_responded', 'incomplete', TRUE, FALSE, TRUE, TRUE, FALSE, '2026-06-18 11:00:00', '2026-06-18 11:00:00');
INSERT INTO travel_plans (id, event_id, participant_id, origin_city, origin_area, google_maps_link, travel_mode, departure_date, departure_time, expected_arrival_date, expected_arrival_time, return_date, return_time, people_count, luggage_count, travel_note, created_at, updated_at) VALUES ('tp-p-user-2', 'nlp-meetup-2026-id', 'p-user-2', 'Hyderabad', 'Madhapur', NULL, 'own_car', '2026-07-11', '06:00 AM', '2026-07-11', '09:00 AM', '2026-07-12', '04:00 PM', 1, 1, 'Driving down. Offering carpool!', '2026-06-18 11:05:00', '2026-06-18 11:05:00');
INSERT INTO travel_plans (id, event_id, participant_id, origin_city, origin_area, google_maps_link, travel_mode, departure_date, departure_time, expected_arrival_date, expected_arrival_time, return_date, return_time, people_count, luggage_count, travel_note, created_at, updated_at) VALUES ('tp-p-user-3', 'nlp-meetup-2026-id', 'p-user-3', 'Bangalore', 'Electronic City', NULL, 'own_car', '2026-07-11', '06:00 AM', '2026-07-11', '09:00 AM', '2026-07-12', '04:00 PM', 1, 1, 'Driving down. Offering carpool!', '2026-06-18 11:05:00', '2026-06-18 11:05:00');
INSERT INTO travel_plans (id, event_id, participant_id, origin_city, origin_area, google_maps_link, travel_mode, departure_date, departure_time, expected_arrival_date, expected_arrival_time, return_date, return_time, people_count, luggage_count, travel_note, created_at, updated_at) VALUES ('tp-p-user-4', 'nlp-meetup-2026-id', 'p-user-4', 'Chennai', 'Adyar', NULL, 'own_car', '2026-07-11', '06:00 AM', '2026-07-11', '09:00 AM', '2026-07-12', '04:00 PM', 1, 1, 'Driving down. Offering carpool!', '2026-06-18 11:05:00', '2026-06-18 11:05:00');
INSERT INTO travel_plans (id, event_id, participant_id, origin_city, origin_area, google_maps_link, travel_mode, departure_date, departure_time, expected_arrival_date, expected_arrival_time, return_date, return_time, people_count, luggage_count, travel_note, created_at, updated_at) VALUES ('tp-p-user-5', 'nlp-meetup-2026-id', 'p-user-5', 'Pune', 'Hinjewadi', NULL, 'own_car', '2026-07-11', '06:00 AM', '2026-07-11', '09:00 AM', '2026-07-12', '04:00 PM', 1, 1, 'Driving down. Offering carpool!', '2026-06-18 11:05:00', '2026-06-18 11:05:00');
INSERT INTO travel_plans (id, event_id, participant_id, origin_city, origin_area, google_maps_link, travel_mode, departure_date, departure_time, expected_arrival_date, expected_arrival_time, return_date, return_time, people_count, luggage_count, travel_note, created_at, updated_at) VALUES ('tp-p-user-6', 'nlp-meetup-2026-id', 'p-user-6', 'Delhi', 'Noida', NULL, 'own_car', '2026-07-11', '06:00 AM', '2026-07-11', '09:00 AM', '2026-07-12', '04:00 PM', 1, 1, 'Driving down. Offering carpool!', '2026-06-18 11:05:00', '2026-06-18 11:05:00');
INSERT INTO travel_plans (id, event_id, participant_id, origin_city, origin_area, google_maps_link, travel_mode, departure_date, departure_time, expected_arrival_date, expected_arrival_time, return_date, return_time, people_count, luggage_count, travel_note, created_at, updated_at) VALUES ('tp-p-user-7', 'nlp-meetup-2026-id', 'p-user-7', 'Mumbai', 'Thane', NULL, 'own_car', '2026-07-11', '06:00 AM', '2026-07-11', '09:00 AM', '2026-07-12', '04:00 PM', 1, 1, 'Driving down. Offering carpool!', '2026-06-18 11:05:00', '2026-06-18 11:05:00');
INSERT INTO travel_plans (id, event_id, participant_id, origin_city, origin_area, google_maps_link, travel_mode, departure_date, departure_time, expected_arrival_date, expected_arrival_time, return_date, return_time, people_count, luggage_count, travel_note, created_at, updated_at) VALUES ('tp-p-user-8', 'nlp-meetup-2026-id', 'p-user-8', 'Kolkata', 'Park Street', NULL, 'own_car', '2026-07-11', '06:00 AM', '2026-07-11', '09:00 AM', '2026-07-12', '04:00 PM', 1, 1, 'Driving down. Offering carpool!', '2026-06-18 11:05:00', '2026-06-18 11:05:00');
INSERT INTO travel_plans (id, event_id, participant_id, origin_city, origin_area, google_maps_link, travel_mode, departure_date, departure_time, expected_arrival_date, expected_arrival_time, return_date, return_time, people_count, luggage_count, travel_note, created_at, updated_at) VALUES ('tp-p-user-9', 'nlp-meetup-2026-id', 'p-user-9', 'Kochi', 'Edappally', NULL, 'own_car', '2026-07-11', '06:00 AM', '2026-07-11', '09:00 AM', '2026-07-12', '04:00 PM', 1, 1, 'Driving down. Offering carpool!', '2026-06-18 11:05:00', '2026-06-18 11:05:00');
INSERT INTO carpool_groups (id, event_id, title, origin_city, origin_area, driver_participant_id, vehicle_type, departure_date, departure_time, seats_available, pickup_notes, status, created_by, created_at, updated_at) VALUES ('cg-group-1', 'nlp-meetup-2026-id', 'Hyderabad to Meetup - Sandeep Singh', 'Hyderabad', 'Madhapur', 'p-user-2', 'Hatchback', '2026-07-11', '06:00 AM', 4, 'Pickup from main highway crossing.', 'open', 'p-user-2', '2026-06-18 11:10:00', '2026-06-18 11:10:00');
INSERT INTO carpool_members (id, carpool_group_id, participant_id, role, joined_at, status) VALUES ('cm-cg-group-1-driver', 'cg-group-1', 'p-user-2', 'driver', '2026-06-18 11:10:00', 'active');
INSERT INTO carpool_groups (id, event_id, title, origin_city, origin_area, driver_participant_id, vehicle_type, departure_date, departure_time, seats_available, pickup_notes, status, created_by, created_at, updated_at) VALUES ('cg-group-2', 'nlp-meetup-2026-id', 'Bangalore to Meetup - Manoj Dubey', 'Bangalore', 'Electronic City', 'p-user-3', 'Sedan', '2026-07-11', '06:00 AM', 3, 'Pickup from main highway crossing.', 'open', 'p-user-3', '2026-06-18 11:10:00', '2026-06-18 11:10:00');
INSERT INTO carpool_members (id, carpool_group_id, participant_id, role, joined_at, status) VALUES ('cm-cg-group-2-driver', 'cg-group-2', 'p-user-3', 'driver', '2026-06-18 11:10:00', 'active');
INSERT INTO carpool_groups (id, event_id, title, origin_city, origin_area, driver_participant_id, vehicle_type, departure_date, departure_time, seats_available, pickup_notes, status, created_by, created_at, updated_at) VALUES ('cg-group-3', 'nlp-meetup-2026-id', 'Chennai to Meetup - Suresh Nair', 'Chennai', 'Adyar', 'p-user-4', 'Sedan', '2026-07-11', '06:00 AM', 3, 'Pickup from main highway crossing.', 'open', 'p-user-4', '2026-06-18 11:10:00', '2026-06-18 11:10:00');
INSERT INTO carpool_members (id, carpool_group_id, participant_id, role, joined_at, status) VALUES ('cm-cg-group-3-driver', 'cg-group-3', 'p-user-4', 'driver', '2026-06-18 11:10:00', 'active');
INSERT INTO carpool_groups (id, event_id, title, origin_city, origin_area, driver_participant_id, vehicle_type, departure_date, departure_time, seats_available, pickup_notes, status, created_by, created_at, updated_at) VALUES ('cg-group-4', 'nlp-meetup-2026-id', 'Pune to Meetup - Kavita Pillai', 'Pune', 'Hinjewadi', 'p-user-5', 'Hatchback', '2026-07-11', '06:00 AM', 3, 'Pickup from main highway crossing.', 'open', 'p-user-5', '2026-06-18 11:10:00', '2026-06-18 11:10:00');
INSERT INTO carpool_members (id, carpool_group_id, participant_id, role, joined_at, status) VALUES ('cm-cg-group-4-driver', 'cg-group-4', 'p-user-5', 'driver', '2026-06-18 11:10:00', 'active');
INSERT INTO carpool_groups (id, event_id, title, origin_city, origin_area, driver_participant_id, vehicle_type, departure_date, departure_time, seats_available, pickup_notes, status, created_by, created_at, updated_at) VALUES ('cg-group-5', 'nlp-meetup-2026-id', 'Delhi to Meetup - Deepak Nair', 'Delhi', 'Noida', 'p-user-6', 'SUV', '2026-07-11', '06:00 AM', 4, 'Pickup from main highway crossing.', 'open', 'p-user-6', '2026-06-18 11:10:00', '2026-06-18 11:10:00');
INSERT INTO carpool_members (id, carpool_group_id, participant_id, role, joined_at, status) VALUES ('cm-cg-group-5-driver', 'cg-group-5', 'p-user-6', 'driver', '2026-06-18 11:10:00', 'active');
INSERT INTO carpool_groups (id, event_id, title, origin_city, origin_area, driver_participant_id, vehicle_type, departure_date, departure_time, seats_available, pickup_notes, status, created_by, created_at, updated_at) VALUES ('cg-group-6', 'nlp-meetup-2026-id', 'Mumbai to Meetup - Anjali Chatterjee', 'Mumbai', 'Thane', 'p-user-7', 'Sedan', '2026-07-11', '06:00 AM', 3, 'Pickup from main highway crossing.', 'open', 'p-user-7', '2026-06-18 11:10:00', '2026-06-18 11:10:00');
INSERT INTO carpool_members (id, carpool_group_id, participant_id, role, joined_at, status) VALUES ('cm-cg-group-6-driver', 'cg-group-6', 'p-user-7', 'driver', '2026-06-18 11:10:00', 'active');
INSERT INTO carpool_groups (id, event_id, title, origin_city, origin_area, driver_participant_id, vehicle_type, departure_date, departure_time, seats_available, pickup_notes, status, created_by, created_at, updated_at) VALUES ('cg-group-7', 'nlp-meetup-2026-id', 'Kolkata to Meetup - Divya Prasad', 'Kolkata', 'Park Street', 'p-user-8', 'SUV', '2026-07-11', '06:00 AM', 4, 'Pickup from main highway crossing.', 'cancelled', 'p-user-8', '2026-06-18 11:10:00', '2026-06-18 11:10:00');
INSERT INTO carpool_members (id, carpool_group_id, participant_id, role, joined_at, status) VALUES ('cm-cg-group-7-driver', 'cg-group-7', 'p-user-8', 'driver', '2026-06-18 11:10:00', 'active');
INSERT INTO carpool_groups (id, event_id, title, origin_city, origin_area, driver_participant_id, vehicle_type, departure_date, departure_time, seats_available, pickup_notes, status, created_by, created_at, updated_at) VALUES ('cg-group-8', 'nlp-meetup-2026-id', 'Kochi to Meetup - Harish Iyer', 'Kochi', 'Edappally', 'p-user-9', 'Hatchback', '2026-07-11', '06:00 AM', 4, 'Pickup from main highway crossing.', 'completed', 'p-user-9', '2026-06-18 11:10:00', '2026-06-18 11:10:00');
INSERT INTO carpool_members (id, carpool_group_id, participant_id, role, joined_at, status) VALUES ('cm-cg-group-8-driver', 'cg-group-8', 'p-user-9', 'driver', '2026-06-18 11:10:00', 'active');
INSERT INTO carpool_groups (id, event_id, title, origin_city, origin_area, driver_participant_id, vehicle_type, departure_date, departure_time, seats_available, pickup_notes, status, created_by, created_at, updated_at) VALUES ('cg-group-9', 'nlp-meetup-2026-id', 'Jubilee Hills Direct', 'Hyderabad', 'Banjara Hills', 'ramesh-prasad-id', 'SUV', '2026-07-11', '08:00 AM', 4, 'Direct drive, minimal luggage preferred.', 'open', 'ramesh-prasad-id', '2026-06-18 11:12:00', '2026-06-18 11:12:00');
INSERT INTO carpool_members (id, carpool_group_id, participant_id, role, joined_at, status) VALUES ('cm-cg9-driver', 'cg-group-9', 'ramesh-prasad-id', 'driver', '2026-06-18 11:12:00', 'active');
INSERT INTO travel_plans (id, event_id, participant_id, origin_city, origin_area, google_maps_link, travel_mode, departure_date, departure_time, expected_arrival_date, expected_arrival_time, return_date, return_time, people_count, luggage_count, travel_note, created_at, updated_at) VALUES ('tp-p-user-25', 'nlp-meetup-2026-id', 'p-user-25', 'Kochi', 'Central Market', NULL, 'own_car', '2026-07-11', '07:00 AM', '2026-07-11', '10:00 AM', '2026-07-12', '03:00 PM', 1, 1, 'Self-driving', '2026-06-18 11:13:00', '2026-06-18 11:13:00');
INSERT INTO carpool_groups (id, event_id, title, origin_city, origin_area, driver_participant_id, vehicle_type, departure_date, departure_time, seats_available, pickup_notes, status, created_by, created_at, updated_at) VALUES ('cg-group-10', 'nlp-meetup-2026-id', 'Morning Drive from Kochi', 'Kochi', 'Central Market', 'p-user-25', 'Sedan', '2026-07-11', '07:00 AM', 3, 'No pets allowed.', 'open', 'p-user-25', '2026-06-18 11:14:00', '2026-06-18 11:14:00');
INSERT INTO carpool_members (id, carpool_group_id, participant_id, role, joined_at, status) VALUES ('cm-cg10-driver', 'cg-group-10', 'p-user-25', 'driver', '2026-06-18 11:14:00', 'active');
INSERT INTO travel_plans (id, event_id, participant_id, origin_city, origin_area, google_maps_link, travel_mode, departure_date, departure_time, expected_arrival_date, expected_arrival_time, return_date, return_time, people_count, luggage_count, travel_note, created_at, updated_at) VALUES ('tp-p-user-10', 'nlp-meetup-2026-id', 'p-user-10', 'Hyderabad', 'Banjara Hills', NULL, 'need_carpool', '2026-07-11', '06:00 AM', '2026-07-11', '09:00 AM', '2026-07-12', '04:00 PM', 1, 1, 'Looking to join any carpool from this locality!', '2026-06-18 11:15:00', '2026-06-18 11:15:00');
INSERT INTO carpool_members (id, carpool_group_id, participant_id, role, joined_at, status) VALUES ('cm-cg-cg-group-1-p-user-10', 'cg-group-1', 'p-user-10', 'passenger', '2026-06-18 11:20:00', 'active');
INSERT INTO travel_plans (id, event_id, participant_id, origin_city, origin_area, google_maps_link, travel_mode, departure_date, departure_time, expected_arrival_date, expected_arrival_time, return_date, return_time, people_count, luggage_count, travel_note, created_at, updated_at) VALUES ('tp-p-user-11', 'nlp-meetup-2026-id', 'p-user-11', 'Bangalore', 'Koramangala', NULL, 'need_carpool', '2026-07-11', '06:00 AM', '2026-07-11', '09:00 AM', '2026-07-12', '04:00 PM', 1, 1, 'Looking to join any carpool from this locality!', '2026-06-18 11:15:00', '2026-06-18 11:15:00');
INSERT INTO carpool_members (id, carpool_group_id, participant_id, role, joined_at, status) VALUES ('cm-cg-cg-group-2-p-user-11', 'cg-group-2', 'p-user-11', 'passenger', '2026-06-18 11:20:00', 'active');
INSERT INTO travel_plans (id, event_id, participant_id, origin_city, origin_area, google_maps_link, travel_mode, departure_date, departure_time, expected_arrival_date, expected_arrival_time, return_date, return_time, people_count, luggage_count, travel_note, created_at, updated_at) VALUES ('tp-p-user-12', 'nlp-meetup-2026-id', 'p-user-12', 'Chennai', 'Tambaram', NULL, 'need_carpool', '2026-07-11', '06:00 AM', '2026-07-11', '09:00 AM', '2026-07-12', '04:00 PM', 1, 1, 'Looking to join any carpool from this locality!', '2026-06-18 11:15:00', '2026-06-18 11:15:00');
INSERT INTO carpool_members (id, carpool_group_id, participant_id, role, joined_at, status) VALUES ('cm-cg-cg-group-3-p-user-12', 'cg-group-3', 'p-user-12', 'passenger', '2026-06-18 11:20:00', 'active');
INSERT INTO travel_plans (id, event_id, participant_id, origin_city, origin_area, google_maps_link, travel_mode, departure_date, departure_time, expected_arrival_date, expected_arrival_time, return_date, return_time, people_count, luggage_count, travel_note, created_at, updated_at) VALUES ('tp-p-user-13', 'nlp-meetup-2026-id', 'p-user-13', 'Pune', 'Wakad', NULL, 'need_carpool', '2026-07-11', '06:00 AM', '2026-07-11', '09:00 AM', '2026-07-12', '04:00 PM', 1, 1, 'Looking to join any carpool from this locality!', '2026-06-18 11:15:00', '2026-06-18 11:15:00');
INSERT INTO carpool_members (id, carpool_group_id, participant_id, role, joined_at, status) VALUES ('cm-cg-cg-group-4-p-user-13', 'cg-group-4', 'p-user-13', 'passenger', '2026-06-18 11:20:00', 'active');
INSERT INTO travel_plans (id, event_id, participant_id, origin_city, origin_area, google_maps_link, travel_mode, departure_date, departure_time, expected_arrival_date, expected_arrival_time, return_date, return_time, people_count, luggage_count, travel_note, created_at, updated_at) VALUES ('tp-p-user-14', 'nlp-meetup-2026-id', 'p-user-14', 'Delhi', 'Noida', NULL, 'need_carpool', '2026-07-11', '06:00 AM', '2026-07-11', '09:00 AM', '2026-07-12', '04:00 PM', 1, 1, 'Looking to join any carpool from this locality!', '2026-06-18 11:15:00', '2026-06-18 11:15:00');
INSERT INTO carpool_members (id, carpool_group_id, participant_id, role, joined_at, status) VALUES ('cm-cg-cg-group-5-p-user-14', 'cg-group-5', 'p-user-14', 'passenger', '2026-06-18 11:20:00', 'active');
INSERT INTO travel_plans (id, event_id, participant_id, origin_city, origin_area, google_maps_link, travel_mode, departure_date, departure_time, expected_arrival_date, expected_arrival_time, return_date, return_time, people_count, luggage_count, travel_note, created_at, updated_at) VALUES ('tp-p-user-15', 'nlp-meetup-2026-id', 'p-user-15', 'Mumbai', 'Powai', NULL, 'need_carpool', '2026-07-11', '06:00 AM', '2026-07-11', '09:00 AM', '2026-07-12', '04:00 PM', 1, 1, 'Looking to join any carpool from this locality!', '2026-06-18 11:15:00', '2026-06-18 11:15:00');
INSERT INTO carpool_members (id, carpool_group_id, participant_id, role, joined_at, status) VALUES ('cm-cg-cg-group-6-p-user-15', 'cg-group-6', 'p-user-15', 'passenger', '2026-06-18 11:20:00', 'active');
INSERT INTO travel_plans (id, event_id, participant_id, origin_city, origin_area, google_maps_link, travel_mode, departure_date, departure_time, expected_arrival_date, expected_arrival_time, return_date, return_time, people_count, luggage_count, travel_note, created_at, updated_at) VALUES ('tp-p-user-16', 'nlp-meetup-2026-id', 'p-user-16', 'Kolkata', 'Howrah', NULL, 'need_carpool', '2026-07-11', '06:00 AM', '2026-07-11', '09:00 AM', '2026-07-12', '04:00 PM', 1, 1, 'Looking to join any carpool from this locality!', '2026-06-18 11:15:00', '2026-06-18 11:15:00');
INSERT INTO carpool_members (id, carpool_group_id, participant_id, role, joined_at, status) VALUES ('cm-cg-cg-group-1-p-user-16', 'cg-group-1', 'p-user-16', 'passenger', '2026-06-18 11:20:00', 'active');
INSERT INTO travel_plans (id, event_id, participant_id, origin_city, origin_area, google_maps_link, travel_mode, departure_date, departure_time, expected_arrival_date, expected_arrival_time, return_date, return_time, people_count, luggage_count, travel_note, created_at, updated_at) VALUES ('tp-p-user-17', 'nlp-meetup-2026-id', 'p-user-17', 'Kochi', 'Edappally', NULL, 'need_carpool', '2026-07-11', '06:00 AM', '2026-07-11', '09:00 AM', '2026-07-12', '04:00 PM', 1, 1, 'Looking to join any carpool from this locality!', '2026-06-18 11:15:00', '2026-06-18 11:15:00');
INSERT INTO carpool_members (id, carpool_group_id, participant_id, role, joined_at, status) VALUES ('cm-cg-cg-group-2-p-user-17', 'cg-group-2', 'p-user-17', 'passenger', '2026-06-18 11:20:00', 'active');
INSERT INTO travel_plans (id, event_id, participant_id, origin_city, origin_area, google_maps_link, travel_mode, departure_date, departure_time, expected_arrival_date, expected_arrival_time, return_date, return_time, people_count, luggage_count, travel_note, created_at, updated_at) VALUES ('tp-p-user-18', 'nlp-meetup-2026-id', 'p-user-18', 'Hyderabad', 'Kukatpally', NULL, 'need_carpool', '2026-07-11', '06:00 AM', '2026-07-11', '09:00 AM', '2026-07-12', '04:00 PM', 1, 1, 'Looking to join any carpool from this locality!', '2026-06-18 11:15:00', '2026-06-18 11:15:00');
INSERT INTO carpool_members (id, carpool_group_id, participant_id, role, joined_at, status) VALUES ('cm-cg-cg-group-3-p-user-18', 'cg-group-3', 'p-user-18', 'passenger', '2026-06-18 11:20:00', 'active');
INSERT INTO travel_plans (id, event_id, participant_id, origin_city, origin_area, google_maps_link, travel_mode, departure_date, departure_time, expected_arrival_date, expected_arrival_time, return_date, return_time, people_count, luggage_count, travel_note, created_at, updated_at) VALUES ('tp-p-user-19', 'nlp-meetup-2026-id', 'p-user-19', 'Bangalore', 'Electronic City', NULL, 'need_carpool', '2026-07-11', '06:00 AM', '2026-07-11', '09:00 AM', '2026-07-12', '04:00 PM', 1, 1, 'Looking to join any carpool from this locality!', '2026-06-18 11:15:00', '2026-06-18 11:15:00');
INSERT INTO carpool_members (id, carpool_group_id, participant_id, role, joined_at, status) VALUES ('cm-cg-cg-group-4-p-user-19', 'cg-group-4', 'p-user-19', 'passenger', '2026-06-18 11:20:00', 'active');
INSERT INTO travel_plans (id, event_id, participant_id, origin_city, origin_area, google_maps_link, travel_mode, departure_date, departure_time, expected_arrival_date, expected_arrival_time, return_date, return_time, people_count, luggage_count, travel_note, created_at, updated_at) VALUES ('tp-p-user-20', 'nlp-meetup-2026-id', 'p-user-20', 'Chennai', 'Guindy', NULL, 'need_carpool', '2026-07-11', '06:00 AM', '2026-07-11', '09:00 AM', '2026-07-12', '04:00 PM', 1, 1, 'Looking to join any carpool from this locality!', '2026-06-18 11:15:00', '2026-06-18 11:15:00');
INSERT INTO carpool_members (id, carpool_group_id, participant_id, role, joined_at, status) VALUES ('cm-cg-cg-group-5-p-user-20', 'cg-group-5', 'p-user-20', 'passenger', '2026-06-18 11:20:00', 'active');
INSERT INTO travel_plans (id, event_id, participant_id, origin_city, origin_area, google_maps_link, travel_mode, departure_date, departure_time, expected_arrival_date, expected_arrival_time, return_date, return_time, people_count, luggage_count, travel_note, created_at, updated_at) VALUES ('tp-p-user-21', 'nlp-meetup-2026-id', 'p-user-21', 'Pune', 'Kothrud', NULL, 'need_carpool', '2026-07-11', '06:00 AM', '2026-07-11', '09:00 AM', '2026-07-12', '04:00 PM', 1, 1, 'Looking to join any carpool from this locality!', '2026-06-18 11:15:00', '2026-06-18 11:15:00');
INSERT INTO carpool_members (id, carpool_group_id, participant_id, role, joined_at, status) VALUES ('cm-cg-cg-group-6-p-user-21', 'cg-group-6', 'p-user-21', 'passenger', '2026-06-18 11:20:00', 'active');
INSERT INTO travel_plans (id, event_id, participant_id, origin_city, origin_area, google_maps_link, travel_mode, departure_date, departure_time, expected_arrival_date, expected_arrival_time, return_date, return_time, people_count, luggage_count, travel_note, created_at, updated_at) VALUES ('tp-p-user-22', 'nlp-meetup-2026-id', 'p-user-22', 'Delhi', 'Saket', NULL, 'need_carpool', '2026-07-11', '06:00 AM', '2026-07-11', '09:00 AM', '2026-07-12', '04:00 PM', 1, 1, 'Looking to join any carpool from this locality!', '2026-06-18 11:15:00', '2026-06-18 11:15:00');
INSERT INTO carpool_members (id, carpool_group_id, participant_id, role, joined_at, status) VALUES ('cm-cg-cg-group-1-p-user-22', 'cg-group-1', 'p-user-22', 'passenger', '2026-06-18 11:20:00', 'active');
INSERT INTO travel_plans (id, event_id, participant_id, origin_city, origin_area, google_maps_link, travel_mode, departure_date, departure_time, expected_arrival_date, expected_arrival_time, return_date, return_time, people_count, luggage_count, travel_note, created_at, updated_at) VALUES ('tp-p-user-23', 'nlp-meetup-2026-id', 'p-user-23', 'Mumbai', 'Thane', NULL, 'need_carpool', '2026-07-11', '06:00 AM', '2026-07-11', '09:00 AM', '2026-07-12', '04:00 PM', 1, 1, 'Looking to join any carpool from this locality!', '2026-06-18 11:15:00', '2026-06-18 11:15:00');
INSERT INTO carpool_members (id, carpool_group_id, participant_id, role, joined_at, status) VALUES ('cm-cg-cg-group-2-p-user-23', 'cg-group-2', 'p-user-23', 'passenger', '2026-06-18 11:20:00', 'active');
INSERT INTO travel_plans (id, event_id, participant_id, origin_city, origin_area, google_maps_link, travel_mode, departure_date, departure_time, expected_arrival_date, expected_arrival_time, return_date, return_time, people_count, luggage_count, travel_note, created_at, updated_at) VALUES ('tp-p-user-24', 'nlp-meetup-2026-id', 'p-user-24', 'Kolkata', 'Howrah', NULL, 'need_carpool', '2026-07-11', '06:00 AM', '2026-07-11', '09:00 AM', '2026-07-12', '04:00 PM', 1, 1, 'Looking to join any carpool from this locality!', '2026-06-18 11:15:00', '2026-06-18 11:15:00');
INSERT INTO carpool_members (id, carpool_group_id, participant_id, role, joined_at, status) VALUES ('cm-cg-cg-group-3-p-user-24', 'cg-group-3', 'p-user-24', 'passenger', '2026-06-18 11:20:00', 'active');
INSERT INTO travel_plans (id, event_id, participant_id, origin_city, origin_area, google_maps_link, travel_mode, departure_date, departure_time, expected_arrival_date, expected_arrival_time, return_date, return_time, people_count, luggage_count, travel_note, created_at, updated_at) VALUES ('tp-p-user-26', 'nlp-meetup-2026-id', 'p-user-26', 'Hyderabad', 'Jubilee Hills', NULL, 'bus', '2026-07-10', '08:00 PM', '2026-07-11', '07:00 AM', '2026-07-12', '05:00 PM', 1, 1, 'Travelling via public transport.', '2026-06-18 11:25:00', '2026-06-18 11:25:00');
INSERT INTO travel_plans (id, event_id, participant_id, origin_city, origin_area, google_maps_link, travel_mode, departure_date, departure_time, expected_arrival_date, expected_arrival_time, return_date, return_time, people_count, luggage_count, travel_note, created_at, updated_at) VALUES ('tp-p-user-27', 'nlp-meetup-2026-id', 'p-user-27', 'Bangalore', 'Whitefield', NULL, 'taxi', '2026-07-10', '08:00 PM', '2026-07-11', '07:00 AM', '2026-07-12', '05:00 PM', 1, 1, 'Travelling via public transport.', '2026-06-18 11:25:00', '2026-06-18 11:25:00');
INSERT INTO travel_plans (id, event_id, participant_id, origin_city, origin_area, google_maps_link, travel_mode, departure_date, departure_time, expected_arrival_date, expected_arrival_time, return_date, return_time, people_count, luggage_count, travel_note, created_at, updated_at) VALUES ('tp-p-user-28', 'nlp-meetup-2026-id', 'p-user-28', 'Chennai', 'OMR', NULL, 'flight', '2026-07-10', '08:00 PM', '2026-07-11', '07:00 AM', '2026-07-12', '05:00 PM', 1, 1, 'Travelling via public transport.', '2026-06-18 11:25:00', '2026-06-18 11:25:00');
INSERT INTO travel_plans (id, event_id, participant_id, origin_city, origin_area, google_maps_link, travel_mode, departure_date, departure_time, expected_arrival_date, expected_arrival_time, return_date, return_time, people_count, luggage_count, travel_note, created_at, updated_at) VALUES ('tp-p-user-29', 'nlp-meetup-2026-id', 'p-user-29', 'Pune', 'Baner', NULL, 'bus', '2026-07-10', '08:00 PM', '2026-07-11', '07:00 AM', '2026-07-12', '05:00 PM', 1, 1, 'Travelling via public transport.', '2026-06-18 11:25:00', '2026-06-18 11:25:00');
INSERT INTO travel_plans (id, event_id, participant_id, origin_city, origin_area, google_maps_link, travel_mode, departure_date, departure_time, expected_arrival_date, expected_arrival_time, return_date, return_time, people_count, luggage_count, travel_note, created_at, updated_at) VALUES ('tp-p-user-30', 'nlp-meetup-2026-id', 'p-user-30', 'Delhi', 'Connaught Place', NULL, 'flight', '2026-07-10', '08:00 PM', '2026-07-11', '07:00 AM', '2026-07-12', '05:00 PM', 1, 1, 'Travelling via public transport.', '2026-06-18 11:25:00', '2026-06-18 11:25:00');
INSERT INTO travel_plans (id, event_id, participant_id, origin_city, origin_area, google_maps_link, travel_mode, departure_date, departure_time, expected_arrival_date, expected_arrival_time, return_date, return_time, people_count, luggage_count, travel_note, created_at, updated_at) VALUES ('tp-p-user-31', 'nlp-meetup-2026-id', 'p-user-31', 'Mumbai', 'Thane', NULL, 'taxi', '2026-07-10', '08:00 PM', '2026-07-11', '07:00 AM', '2026-07-12', '05:00 PM', 1, 1, 'Travelling via public transport.', '2026-06-18 11:25:00', '2026-06-18 11:25:00');
INSERT INTO travel_plans (id, event_id, participant_id, origin_city, origin_area, google_maps_link, travel_mode, departure_date, departure_time, expected_arrival_date, expected_arrival_time, return_date, return_time, people_count, luggage_count, travel_note, created_at, updated_at) VALUES ('tp-p-user-32', 'nlp-meetup-2026-id', 'p-user-32', 'Kolkata', 'Behala', NULL, 'bus', '2026-07-10', '08:00 PM', '2026-07-11', '07:00 AM', '2026-07-12', '05:00 PM', 1, 1, 'Travelling via public transport.', '2026-06-18 11:25:00', '2026-06-18 11:25:00');
INSERT INTO travel_plans (id, event_id, participant_id, origin_city, origin_area, google_maps_link, travel_mode, departure_date, departure_time, expected_arrival_date, expected_arrival_time, return_date, return_time, people_count, luggage_count, travel_note, created_at, updated_at) VALUES ('tp-p-user-33', 'nlp-meetup-2026-id', 'p-user-33', 'Kochi', 'Kakkanad', NULL, 'taxi', '2026-07-10', '08:00 PM', '2026-07-11', '07:00 AM', '2026-07-12', '05:00 PM', 1, 1, 'Travelling via public transport.', '2026-06-18 11:25:00', '2026-06-18 11:25:00');
INSERT INTO travel_plans (id, event_id, participant_id, origin_city, origin_area, google_maps_link, travel_mode, departure_date, departure_time, expected_arrival_date, expected_arrival_time, return_date, return_time, people_count, luggage_count, travel_note, created_at, updated_at) VALUES ('tp-p-user-34', 'nlp-meetup-2026-id', 'p-user-34', 'Hyderabad', 'Jubilee Hills', NULL, 'train', '2026-07-10', '08:00 PM', '2026-07-11', '07:00 AM', '2026-07-12', '05:00 PM', 1, 1, 'Travelling via public transport.', '2026-06-18 11:25:00', '2026-06-18 11:25:00');
INSERT INTO travel_plans (id, event_id, participant_id, origin_city, origin_area, google_maps_link, travel_mode, departure_date, departure_time, expected_arrival_date, expected_arrival_time, return_date, return_time, people_count, luggage_count, travel_note, created_at, updated_at) VALUES ('tp-p-user-35', 'nlp-meetup-2026-id', 'p-user-35', 'Bangalore', 'Koramangala', NULL, 'flight', '2026-07-10', '08:00 PM', '2026-07-11', '07:00 AM', '2026-07-12', '05:00 PM', 1, 1, 'Travelling via public transport.', '2026-06-18 11:25:00', '2026-06-18 11:25:00');
INSERT INTO travel_plans (id, event_id, participant_id, origin_city, origin_area, google_maps_link, travel_mode, departure_date, departure_time, expected_arrival_date, expected_arrival_time, return_date, return_time, people_count, luggage_count, travel_note, created_at, updated_at) VALUES ('tp-p-user-36', 'nlp-meetup-2026-id', 'p-user-36', 'Chennai', 'Tambaram', NULL, 'bus', '2026-07-10', '08:00 PM', '2026-07-11', '07:00 AM', '2026-07-12', '05:00 PM', 1, 1, 'Travelling via public transport.', '2026-06-18 11:25:00', '2026-06-18 11:25:00');
INSERT INTO travel_plans (id, event_id, participant_id, origin_city, origin_area, google_maps_link, travel_mode, departure_date, departure_time, expected_arrival_date, expected_arrival_time, return_date, return_time, people_count, luggage_count, travel_note, created_at, updated_at) VALUES ('tp-p-user-37', 'nlp-meetup-2026-id', 'p-user-37', 'Pune', 'Kothrud', NULL, 'flight', '2026-07-10', '08:00 PM', '2026-07-11', '07:00 AM', '2026-07-12', '05:00 PM', 1, 1, 'Travelling via public transport.', '2026-06-18 11:25:00', '2026-06-18 11:25:00');
INSERT INTO travel_plans (id, event_id, participant_id, origin_city, origin_area, google_maps_link, travel_mode, departure_date, departure_time, expected_arrival_date, expected_arrival_time, return_date, return_time, people_count, luggage_count, travel_note, created_at, updated_at) VALUES ('tp-p-user-38', 'nlp-meetup-2026-id', 'p-user-38', 'Delhi', 'Saket', NULL, 'bus', '2026-07-10', '08:00 PM', '2026-07-11', '07:00 AM', '2026-07-12', '05:00 PM', 1, 1, 'Travelling via public transport.', '2026-06-18 11:25:00', '2026-06-18 11:25:00');
INSERT INTO travel_plans (id, event_id, participant_id, origin_city, origin_area, google_maps_link, travel_mode, departure_date, departure_time, expected_arrival_date, expected_arrival_time, return_date, return_time, people_count, luggage_count, travel_note, created_at, updated_at) VALUES ('tp-p-user-39', 'nlp-meetup-2026-id', 'p-user-39', 'Mumbai', 'Andheri', NULL, 'train', '2026-07-10', '08:00 PM', '2026-07-11', '07:00 AM', '2026-07-12', '05:00 PM', 1, 1, 'Travelling via public transport.', '2026-06-18 11:25:00', '2026-06-18 11:25:00');
INSERT INTO travel_plans (id, event_id, participant_id, origin_city, origin_area, google_maps_link, travel_mode, departure_date, departure_time, expected_arrival_date, expected_arrival_time, return_date, return_time, people_count, luggage_count, travel_note, created_at, updated_at) VALUES ('tp-p-user-40', 'nlp-meetup-2026-id', 'p-user-40', 'Kolkata', 'Howrah', NULL, 'bus', '2026-07-10', '08:00 PM', '2026-07-11', '07:00 AM', '2026-07-12', '05:00 PM', 1, 1, 'Travelling via public transport.', '2026-06-18 11:25:00', '2026-06-18 11:25:00');
INSERT INTO travel_plans (id, event_id, participant_id, origin_city, origin_area, google_maps_link, travel_mode, departure_date, departure_time, expected_arrival_date, expected_arrival_time, return_date, return_time, people_count, luggage_count, travel_note, created_at, updated_at) VALUES ('tp-p-user-41', 'nlp-meetup-2026-id', 'p-user-41', 'Kochi', 'Fort Kochi', NULL, 'train', '2026-07-10', '08:00 PM', '2026-07-11', '07:00 AM', '2026-07-12', '05:00 PM', 1, 1, 'Travelling via public transport.', '2026-06-18 11:25:00', '2026-06-18 11:25:00');
INSERT INTO status_updates (id, event_id, participant_id, status, marked_by, note, created_at) VALUES ('su-pending-p-user-47', 'nlp-meetup-2026-id', 'p-user-47', 'registered', 'System', 'Profile initialized, awaiting travel details.', '2026-06-18 11:30:00');
INSERT INTO status_updates (id, event_id, participant_id, status, marked_by, note, created_at) VALUES ('su-pending-p-user-48', 'nlp-meetup-2026-id', 'p-user-48', 'registered', 'System', 'Profile initialized, awaiting travel details.', '2026-06-18 11:30:00');
INSERT INTO status_updates (id, event_id, participant_id, status, marked_by, note, created_at) VALUES ('su-pending-p-user-49', 'nlp-meetup-2026-id', 'p-user-49', 'registered', 'System', 'Profile initialized, awaiting travel details.', '2026-06-18 11:30:00');
INSERT INTO status_updates (id, event_id, participant_id, status, marked_by, note, created_at) VALUES ('su-pending-p-user-50', 'nlp-meetup-2026-id', 'p-user-50', 'registered', 'System', 'Profile initialized, awaiting travel details.', '2026-06-18 11:30:00');
INSERT INTO status_updates (id, event_id, participant_id, status, marked_by, note, created_at) VALUES ('su-pending-p-user-51', 'nlp-meetup-2026-id', 'p-user-51', 'registered', 'System', 'Profile initialized, awaiting travel details.', '2026-06-18 11:30:00');
INSERT INTO status_updates (id, event_id, participant_id, status, marked_by, note, created_at) VALUES ('su-pending-p-user-52', 'nlp-meetup-2026-id', 'p-user-52', 'registered', 'System', 'Profile initialized, awaiting travel details.', '2026-06-18 11:30:00');
INSERT INTO status_updates (id, event_id, participant_id, status, marked_by, note, created_at) VALUES ('su-pending-p-user-53', 'nlp-meetup-2026-id', 'p-user-53', 'registered', 'System', 'Profile initialized, awaiting travel details.', '2026-06-18 11:30:00');
INSERT INTO status_updates (id, event_id, participant_id, status, marked_by, note, created_at) VALUES ('su-pending-p-user-54', 'nlp-meetup-2026-id', 'p-user-54', 'registered', 'System', 'Profile initialized, awaiting travel details.', '2026-06-18 11:30:00');
INSERT INTO status_updates (id, event_id, participant_id, status, marked_by, note, created_at) VALUES ('su-pending-p-user-55', 'nlp-meetup-2026-id', 'p-user-55', 'registered', 'System', 'Profile initialized, awaiting travel details.', '2026-06-18 11:30:00');
INSERT INTO status_updates (id, event_id, participant_id, status, marked_by, note, created_at) VALUES ('su-pending-p-user-56', 'nlp-meetup-2026-id', 'p-user-56', 'registered', 'System', 'Profile initialized, awaiting travel details.', '2026-06-18 11:30:00');
INSERT INTO status_updates (id, event_id, participant_id, status, marked_by, note, created_at) VALUES ('su-p-user-2', 'nlp-meetup-2026-id', 'p-user-2', 'reached_venue', 'Sandeep Singh', 'Reached safely at retreat center!', '2026-06-18 12:00:00');
INSERT INTO status_updates (id, event_id, participant_id, status, marked_by, note, created_at) VALUES ('su-p-user-3', 'nlp-meetup-2026-id', 'p-user-3', 'reached_venue', 'Manoj Dubey', 'Reached safely at retreat center!', '2026-06-18 12:00:00');
INSERT INTO status_updates (id, event_id, participant_id, status, marked_by, note, created_at) VALUES ('su-p-user-4', 'nlp-meetup-2026-id', 'p-user-4', 'en_route', 'Suresh Nair', 'On the highway, crossed toll plaza.', '2026-06-18 12:00:00');
INSERT INTO status_updates (id, event_id, participant_id, status, marked_by, note, created_at) VALUES ('su-p-user-5', 'nlp-meetup-2026-id', 'p-user-5', 'en_route', 'Kavita Pillai', 'On the highway, crossed toll plaza.', '2026-06-18 12:00:00');
INSERT INTO status_updates (id, event_id, participant_id, status, marked_by, note, created_at) VALUES ('su-p-user-6', 'nlp-meetup-2026-id', 'p-user-6', 'en_route', 'Deepak Nair', 'On the highway, crossed toll plaza.', '2026-06-18 12:00:00');
INSERT INTO status_updates (id, event_id, participant_id, status, marked_by, note, created_at) VALUES ('su-p-user-7', 'nlp-meetup-2026-id', 'p-user-7', 'en_route', 'Anjali Chatterjee', 'On the highway, crossed toll plaza.', '2026-06-18 12:00:00');
INSERT INTO status_updates (id, event_id, participant_id, status, marked_by, note, created_at) VALUES ('su-p-user-8', 'nlp-meetup-2026-id', 'p-user-8', 'en_route', 'Divya Prasad', 'On the highway, crossed toll plaza.', '2026-06-18 12:00:00');
INSERT INTO status_updates (id, event_id, participant_id, status, marked_by, note, created_at) VALUES ('su-p-user-9', 'nlp-meetup-2026-id', 'p-user-9', 'travel_plan_submitted', 'Harish Iyer', 'Travel details registered.', '2026-06-18 12:00:00');
INSERT INTO status_updates (id, event_id, participant_id, status, marked_by, note, created_at) VALUES ('su-p-user-10', 'nlp-meetup-2026-id', 'p-user-10', 'travel_plan_submitted', 'Vivek Das', 'Travel details registered.', '2026-06-18 12:00:00');
INSERT INTO status_updates (id, event_id, participant_id, status, marked_by, note, created_at) VALUES ('su-p-user-11', 'nlp-meetup-2026-id', 'p-user-11', 'travel_plan_submitted', 'Harish Rao', 'Travel details registered.', '2026-06-18 12:00:00');
INSERT INTO status_updates (id, event_id, participant_id, status, marked_by, note, created_at) VALUES ('su-p-user-12', 'nlp-meetup-2026-id', 'p-user-12', 'travel_plan_submitted', 'Divya Rao', 'Travel details registered.', '2026-06-18 12:00:00');
INSERT INTO status_updates (id, event_id, participant_id, status, marked_by, note, created_at) VALUES ('su-p-user-13', 'nlp-meetup-2026-id', 'p-user-13', 'travel_plan_submitted', 'Geetha Sharma', 'Travel details registered.', '2026-06-18 12:00:00');
INSERT INTO status_updates (id, event_id, participant_id, status, marked_by, note, created_at) VALUES ('su-p-user-14', 'nlp-meetup-2026-id', 'p-user-14', 'travel_plan_submitted', 'Karan Naidu', 'Travel details registered.', '2026-06-18 12:00:00');
INSERT INTO status_updates (id, event_id, participant_id, status, marked_by, note, created_at) VALUES ('su-p-user-15', 'nlp-meetup-2026-id', 'p-user-15', 'travel_plan_submitted', 'Deepak Rao', 'Travel details registered.', '2026-06-18 12:00:00');
INSERT INTO status_updates (id, event_id, participant_id, status, marked_by, note, created_at) VALUES ('su-p-user-16', 'nlp-meetup-2026-id', 'p-user-16', 'travel_plan_submitted', 'Manish Patel', 'Travel details registered.', '2026-06-18 12:00:00');
INSERT INTO status_updates (id, event_id, participant_id, status, marked_by, note, created_at) VALUES ('su-p-user-17', 'nlp-meetup-2026-id', 'p-user-17', 'travel_plan_submitted', 'Sandeep Reddy', 'Travel details registered.', '2026-06-18 12:00:00');
INSERT INTO status_updates (id, event_id, participant_id, status, marked_by, note, created_at) VALUES ('su-p-user-18', 'nlp-meetup-2026-id', 'p-user-18', 'travel_plan_submitted', 'Gaurav Rao', 'Travel details registered.', '2026-06-18 12:00:00');
INSERT INTO status_updates (id, event_id, participant_id, status, marked_by, note, created_at) VALUES ('su-p-user-19', 'nlp-meetup-2026-id', 'p-user-19', 'travel_plan_submitted', 'Arun Sen', 'Travel details registered.', '2026-06-18 12:00:00');
INSERT INTO status_updates (id, event_id, participant_id, status, marked_by, note, created_at) VALUES ('su-p-user-20', 'nlp-meetup-2026-id', 'p-user-20', 'travel_plan_submitted', 'Sunita Deshmukh', 'Travel details registered.', '2026-06-18 12:00:00');
INSERT INTO status_updates (id, event_id, participant_id, status, marked_by, note, created_at) VALUES ('su-p-user-21', 'nlp-meetup-2026-id', 'p-user-21', 'travel_plan_submitted', 'Varun Yadav', 'Travel details registered.', '2026-06-18 12:00:00');
INSERT INTO status_updates (id, event_id, participant_id, status, marked_by, note, created_at) VALUES ('su-p-user-22', 'nlp-meetup-2026-id', 'p-user-22', 'travel_plan_submitted', 'Sunil Shetty', 'Travel details registered.', '2026-06-18 12:00:00');
INSERT INTO status_updates (id, event_id, participant_id, status, marked_by, note, created_at) VALUES ('su-p-user-23', 'nlp-meetup-2026-id', 'p-user-23', 'travel_plan_submitted', 'Suresh Dubey', 'Travel details registered.', '2026-06-18 12:00:00');
INSERT INTO status_updates (id, event_id, participant_id, status, marked_by, note, created_at) VALUES ('su-p-user-24', 'nlp-meetup-2026-id', 'p-user-24', 'travel_plan_submitted', 'Alok Bose', 'Travel details registered.', '2026-06-18 12:00:00');
INSERT INTO status_updates (id, event_id, participant_id, status, marked_by, note, created_at) VALUES ('su-p-user-25', 'nlp-meetup-2026-id', 'p-user-25', 'travel_plan_submitted', 'Swati Pandey', 'Travel details registered.', '2026-06-18 12:00:00');
INSERT INTO status_updates (id, event_id, participant_id, status, marked_by, note, created_at) VALUES ('su-p-user-26', 'nlp-meetup-2026-id', 'p-user-26', 'travel_plan_submitted', 'Manish Prasad', 'Travel details registered.', '2026-06-18 12:00:00');
INSERT INTO status_updates (id, event_id, participant_id, status, marked_by, note, created_at) VALUES ('su-p-user-27', 'nlp-meetup-2026-id', 'p-user-27', 'travel_plan_submitted', 'Rajendra Deshmukh', 'Travel details registered.', '2026-06-18 12:00:00');
INSERT INTO status_updates (id, event_id, participant_id, status, marked_by, note, created_at) VALUES ('su-p-user-28', 'nlp-meetup-2026-id', 'p-user-28', 'travel_plan_submitted', 'Siddharth Iyer', 'Travel details registered.', '2026-06-18 12:00:00');
INSERT INTO status_updates (id, event_id, participant_id, status, marked_by, note, created_at) VALUES ('su-p-user-29', 'nlp-meetup-2026-id', 'p-user-29', 'travel_plan_submitted', 'Lakshmi Choudhury', 'Travel details registered.', '2026-06-18 12:00:00');
INSERT INTO status_updates (id, event_id, participant_id, status, marked_by, note, created_at) VALUES ('su-p-user-30', 'nlp-meetup-2026-id', 'p-user-30', 'travel_plan_submitted', 'Anjali Sen', 'Travel details registered.', '2026-06-18 12:00:00');
INSERT INTO status_updates (id, event_id, participant_id, status, marked_by, note, created_at) VALUES ('su-p-user-31', 'nlp-meetup-2026-id', 'p-user-31', 'travel_plan_submitted', 'Pradeep Mehta', 'Travel details registered.', '2026-06-18 12:00:00');
INSERT INTO status_updates (id, event_id, participant_id, status, marked_by, note, created_at) VALUES ('su-p-user-32', 'nlp-meetup-2026-id', 'p-user-32', 'travel_plan_submitted', 'Rajesh Sen', 'Travel details registered.', '2026-06-18 12:00:00');
INSERT INTO status_updates (id, event_id, participant_id, status, marked_by, note, created_at) VALUES ('su-p-user-33', 'nlp-meetup-2026-id', 'p-user-33', 'travel_plan_submitted', 'Radhika Chatterjee', 'Travel details registered.', '2026-06-18 12:00:00');
INSERT INTO status_updates (id, event_id, participant_id, status, marked_by, note, created_at) VALUES ('su-p-user-34', 'nlp-meetup-2026-id', 'p-user-34', 'travel_plan_submitted', 'Karthik Chatterjee', 'Travel details registered.', '2026-06-18 12:00:00');
INSERT INTO status_updates (id, event_id, participant_id, status, marked_by, note, created_at) VALUES ('su-p-user-35', 'nlp-meetup-2026-id', 'p-user-35', 'travel_plan_submitted', 'Sunita Verma', 'Travel details registered.', '2026-06-18 12:00:00');
INSERT INTO status_updates (id, event_id, participant_id, status, marked_by, note, created_at) VALUES ('su-p-user-36', 'nlp-meetup-2026-id', 'p-user-36', 'travel_plan_submitted', 'Alok Shetty', 'Travel details registered.', '2026-06-18 12:00:00');
INSERT INTO status_updates (id, event_id, participant_id, status, marked_by, note, created_at) VALUES ('su-p-user-37', 'nlp-meetup-2026-id', 'p-user-37', 'travel_plan_submitted', 'Rahul Joshi', 'Travel details registered.', '2026-06-18 12:00:00');
INSERT INTO status_updates (id, event_id, participant_id, status, marked_by, note, created_at) VALUES ('su-p-user-38', 'nlp-meetup-2026-id', 'p-user-38', 'travel_plan_submitted', 'Rishi Choudhury', 'Travel details registered.', '2026-06-18 12:00:00');
INSERT INTO status_updates (id, event_id, participant_id, status, marked_by, note, created_at) VALUES ('su-p-user-39', 'nlp-meetup-2026-id', 'p-user-39', 'travel_plan_submitted', 'Anil Kulkarni', 'Travel details registered.', '2026-06-18 12:00:00');
INSERT INTO status_updates (id, event_id, participant_id, status, marked_by, note, created_at) VALUES ('su-p-user-40', 'nlp-meetup-2026-id', 'p-user-40', 'travel_plan_submitted', 'Shalini Prasad', 'Travel details registered.', '2026-06-18 12:00:00');
INSERT INTO status_updates (id, event_id, participant_id, status, marked_by, note, created_at) VALUES ('su-p-user-41', 'nlp-meetup-2026-id', 'p-user-41', 'travel_plan_submitted', 'Ashok Rao', 'Travel details registered.', '2026-06-18 12:00:00');
INSERT INTO messages (id, event_id, posted_by, message_text, category, visibility_type, target_city, target_carpool_group_id, is_pinned, is_deleted, created_at, updated_at) VALUES ('ann-1', 'nlp-meetup-2026-id', 'ramesh-prasad-id', '[Announcement: Venue Checklist] Please carry your original ID cards for verification at the retreat front gate.', 'announcement', 'everyone', NULL, NULL, TRUE, FALSE, '2026-06-18 12:10:00', '2026-06-18 12:10:00');
INSERT INTO messages (id, event_id, posted_by, message_text, category, visibility_type, target_city, target_carpool_group_id, is_pinned, is_deleted, created_at, updated_at) VALUES ('ann-2', 'nlp-meetup-2026-id', 'ramesh-prasad-id', '[Announcement: Agenda Update] Day 1 starts with networking tea at 10:00 AM, followed by the keynote session at 11:00 AM.', 'announcement', 'everyone', NULL, NULL, TRUE, FALSE, '2026-06-18 12:10:00', '2026-06-18 12:10:00');
INSERT INTO messages (id, event_id, posted_by, message_text, category, visibility_type, target_city, target_carpool_group_id, is_pinned, is_deleted, created_at, updated_at) VALUES ('ann-3', 'nlp-meetup-2026-id', 'ramesh-prasad-id', '[Announcement: Carpool Requests] Please coordinate on the Carpool Board. Ensure drivers share their vehicle numbers.', 'announcement', 'everyone', NULL, NULL, TRUE, FALSE, '2026-06-18 12:10:00', '2026-06-18 12:10:00');
INSERT INTO messages (id, event_id, posted_by, message_text, category, visibility_type, target_city, target_carpool_group_id, is_pinned, is_deleted, created_at, updated_at) VALUES ('ann-4', 'nlp-meetup-2026-id', 'ramesh-prasad-id', '[Announcement: Weather Update] Light showers are expected in Hyderabad on July 11. Please carry an umbrella.', 'announcement', 'everyone', NULL, NULL, TRUE, FALSE, '2026-06-18 12:10:00', '2026-06-18 12:10:00');
INSERT INTO messages (id, event_id, posted_by, message_text, category, visibility_type, target_city, target_carpool_group_id, is_pinned, is_deleted, created_at, updated_at) VALUES ('ann-5', 'nlp-meetup-2026-id', 'ramesh-prasad-id', '[Announcement: Final Checkout Timing] Alumni meet wraps up on July 12 by 3:00 PM. Please plan return journeys accordingly.', 'announcement', 'everyone', NULL, NULL, TRUE, FALSE, '2026-06-18 12:10:00', '2026-06-18 12:10:00');
INSERT INTO messages (id, event_id, posted_by, message_text, category, visibility_type, target_city, target_carpool_group_id, is_pinned, is_deleted, created_at, updated_at) VALUES ('msg-comm-1', 'nlp-meetup-2026-id', 'p-user-27', 'Anyone coming from Gachibowli around 7 AM? Can I tag along?', 'carpool', 'everyone', NULL, NULL, FALSE, FALSE, '2026-06-18 12:15:00', '2026-06-18 12:15:00');
INSERT INTO messages (id, event_id, posted_by, message_text, category, visibility_type, target_city, target_carpool_group_id, is_pinned, is_deleted, created_at, updated_at) VALUES ('msg-comm-2', 'nlp-meetup-2026-id', 'p-user-41', 'I have 2 seats open in my car from Koramangala. Let me know if anyone needs a ride.', 'carpool', 'everyone', NULL, NULL, FALSE, FALSE, '2026-06-18 12:15:00', '2026-06-18 12:15:00');
INSERT INTO messages (id, event_id, posted_by, message_text, category, visibility_type, target_city, target_carpool_group_id, is_pinned, is_deleted, created_at, updated_at) VALUES ('msg-comm-3', 'nlp-meetup-2026-id', 'p-user-37', 'Train got delayed by 30 mins, expected arrival is 8:00 AM now.', 'travel', 'everyone', NULL, NULL, FALSE, FALSE, '2026-06-18 12:15:00', '2026-06-18 12:15:00');
INSERT INTO messages (id, event_id, posted_by, message_text, category, visibility_type, target_city, target_carpool_group_id, is_pinned, is_deleted, created_at, updated_at) VALUES ('msg-comm-4', 'nlp-meetup-2026-id', 'p-user-13', 'Is anyone reaching on July 10 night? Let''s meet for dinner.', 'general', 'everyone', NULL, NULL, FALSE, FALSE, '2026-06-18 12:15:00', '2026-06-18 12:15:00');
INSERT INTO messages (id, event_id, posted_by, message_text, category, visibility_type, target_city, target_carpool_group_id, is_pinned, is_deleted, created_at, updated_at) VALUES ('msg-comm-5', 'nlp-meetup-2026-id', 'p-user-25', 'Are towels provided at the retreat center or should we bring ours?', 'question', 'everyone', NULL, NULL, FALSE, FALSE, '2026-06-18 12:15:00', '2026-06-18 12:15:00');
INSERT INTO messages (id, event_id, posted_by, message_text, category, visibility_type, target_city, target_carpool_group_id, is_pinned, is_deleted, created_at, updated_at) VALUES ('msg-comm-6', 'nlp-meetup-2026-id', 'p-user-32', 'Lost my spectacles cover near the main lobby. If found, please drop it at the desk.', 'lost_found', 'everyone', NULL, NULL, FALSE, FALSE, '2026-06-18 12:15:00', '2026-06-18 12:15:00');
INSERT INTO messages (id, event_id, posted_by, message_text, category, visibility_type, target_city, target_carpool_group_id, is_pinned, is_deleted, created_at, updated_at) VALUES ('msg-comm-7', 'nlp-meetup-2026-id', 'p-user-26', 'Looking forward to meeting the batch of 2018!', 'general', 'everyone', NULL, NULL, FALSE, FALSE, '2026-06-18 12:15:00', '2026-06-18 12:15:00');
INSERT INTO messages (id, event_id, posted_by, message_text, category, visibility_type, target_city, target_carpool_group_id, is_pinned, is_deleted, created_at, updated_at) VALUES ('msg-comm-8', 'nlp-meetup-2026-id', 'p-user-16', 'Is there high-speed Wi-Fi available at the venue? Need to join a quick work call.', 'question', 'everyone', NULL, NULL, FALSE, FALSE, '2026-06-18 12:15:00', '2026-06-18 12:15:00');
INSERT INTO messages (id, event_id, posted_by, message_text, category, visibility_type, target_city, target_carpool_group_id, is_pinned, is_deleted, created_at, updated_at) VALUES ('msg-comm-9', 'nlp-meetup-2026-id', 'p-user-10', 'Hey Bangalore folks, is anyone taking the flight around 6:00 AM?', 'travel', 'everyone', NULL, NULL, FALSE, FALSE, '2026-06-18 12:15:00', '2026-06-18 12:15:00');
INSERT INTO messages (id, event_id, posted_by, message_text, category, visibility_type, target_city, target_carpool_group_id, is_pinned, is_deleted, created_at, updated_at) VALUES ('msg-comm-10', 'nlp-meetup-2026-id', 'ramesh-prasad-id', 'I am bringing a DSLR, happy to take pictures of everyone!', 'general', 'everyone', NULL, NULL, FALSE, FALSE, '2026-06-18 12:15:00', '2026-06-18 12:15:00');
INSERT INTO messages (id, event_id, posted_by, message_text, category, visibility_type, target_city, target_carpool_group_id, is_pinned, is_deleted, created_at, updated_at) VALUES ('msg-comm-11', 'nlp-meetup-2026-id', 'p-user-7', 'Heavy traffic near Hyderabad airport entrance, plan accordingly.', 'travel', 'everyone', NULL, NULL, FALSE, FALSE, '2026-06-18 12:15:00', '2026-06-18 12:15:00');
INSERT INTO messages (id, event_id, posted_by, message_text, category, visibility_type, target_city, target_carpool_group_id, is_pinned, is_deleted, created_at, updated_at) VALUES ('msg-comm-12', 'nlp-meetup-2026-id', 'p-user-28', 'My carpool group is full. Driving a red Swift.', 'carpool', 'everyone', NULL, NULL, FALSE, FALSE, '2026-06-18 12:15:00', '2026-06-18 12:15:00');
INSERT INTO messages (id, event_id, posted_by, message_text, category, visibility_type, target_city, target_carpool_group_id, is_pinned, is_deleted, created_at, updated_at) VALUES ('msg-comm-13', 'nlp-meetup-2026-id', 'p-user-15', 'Does anyone have a phone charger I can borrow? USB-C preferred.', 'question', 'everyone', NULL, NULL, FALSE, FALSE, '2026-06-18 12:15:00', '2026-06-18 12:15:00');
INSERT INTO messages (id, event_id, posted_by, message_text, category, visibility_type, target_city, target_carpool_group_id, is_pinned, is_deleted, created_at, updated_at) VALUES ('msg-comm-14', 'nlp-meetup-2026-id', 'p-user-12', 'Has anyone reached yet? How is the weather there?', 'question', 'everyone', NULL, NULL, FALSE, FALSE, '2026-06-18 12:15:00', '2026-06-18 12:15:00');
INSERT INTO messages (id, event_id, posted_by, message_text, category, visibility_type, target_city, target_carpool_group_id, is_pinned, is_deleted, created_at, updated_at) VALUES ('msg-comm-15', 'nlp-meetup-2026-id', 'p-user-34', 'Starting from Pune at 5:00 AM, will share live location on WhatsApp.', 'travel', 'everyone', NULL, NULL, FALSE, FALSE, '2026-06-18 12:15:00', '2026-06-18 12:15:00');
INSERT INTO messages (id, event_id, posted_by, message_text, category, visibility_type, target_city, target_carpool_group_id, is_pinned, is_deleted, created_at, updated_at) VALUES ('msg-comm-16', 'nlp-meetup-2026-id', 'p-user-30', 'Can we register on-spot or is registration strictly closed now?', 'question', 'everyone', NULL, NULL, FALSE, FALSE, '2026-06-18 12:15:00', '2026-06-18 12:15:00');
INSERT INTO messages (id, event_id, posted_by, message_text, category, visibility_type, target_city, target_carpool_group_id, is_pinned, is_deleted, created_at, updated_at) VALUES ('msg-comm-17', 'nlp-meetup-2026-id', 'p-user-4', 'Found a set of keys near the dining area. Handed over to Ramesh.', 'lost_found', 'everyone', NULL, NULL, FALSE, FALSE, '2026-06-18 12:15:00', '2026-06-18 12:15:00');
INSERT INTO messages (id, event_id, posted_by, message_text, category, visibility_type, target_city, target_carpool_group_id, is_pinned, is_deleted, created_at, updated_at) VALUES ('msg-comm-18', 'nlp-meetup-2026-id', 'p-user-36', 'Will there be veg/vegan food options for all meals?', 'question', 'everyone', NULL, NULL, FALSE, FALSE, '2026-06-18 12:15:00', '2026-06-18 12:15:00');
INSERT INTO messages (id, event_id, posted_by, message_text, category, visibility_type, target_city, target_carpool_group_id, is_pinned, is_deleted, created_at, updated_at) VALUES ('msg-comm-19', 'nlp-meetup-2026-id', 'p-user-16', 'Great weather here at the retreat center!', 'general', 'everyone', NULL, NULL, FALSE, FALSE, '2026-06-18 12:15:00', '2026-06-18 12:15:00');
INSERT INTO messages (id, event_id, posted_by, message_text, category, visibility_type, target_city, target_carpool_group_id, is_pinned, is_deleted, created_at, updated_at) VALUES ('msg-comm-20', 'nlp-meetup-2026-id', 'p-user-8', 'Let''s create a shared photo drive after the event.', 'general', 'everyone', NULL, NULL, FALSE, FALSE, '2026-06-18 12:15:00', '2026-06-18 12:15:00');
